{"cameraMode":{"drawMode":0,"name":"Shaded","section":"Shading Mode"},"sceneLighting":false,"audioPlay":false,"sceneViewState":{"m_AlwaysRefresh":false,"showFog":true,"showSkybox":false,"showFlares":true,"showImageEffects":true,"showParticleSystems":true,"showVisualEffectGraphs":true,"m_FxEnabled":true},"in2DMode":false,"pivot":{"x":-0.8145782947540283,"y":1.3139159679412842,"z":-0.74427330493927},"rotation":{"x":0.013589605689048767,"y":0.8459886908531189,"z":-0.021574970334768297,"w":0.5326318144798279},"size":9.835590362548829,"orthographic":false}