{"cameraMode":{"drawMode":0,"name":"Shaded","section":"Shading Mode"},"sceneLighting":false,"audioPlay":false,"sceneViewState":{"m_AlwaysRefresh":false,"showFog":true,"showSkybox":false,"showFlares":true,"showImageEffects":true,"showParticleSystems":true,"showVisualEffectGraphs":true,"m_FxEnabled":true},"in2DMode":false,"pivot":{"x":-6.568212509155273,"y":-0.039999961853027347,"z":-21.691112518310548},"rotation":{"x":0.02320023812353611,"y":0.934090793132782,"z":-0.06173867732286453,"w":0.35095253586769106},"size":5.918758869171143,"orthographic":false}