{"cameraMode":{"drawMode":0,"name":"Shaded","section":"Shading Mode"},"sceneLighting":false,"audioPlay":false,"sceneViewState":{"m_AlwaysRefresh":false,"showFog":true,"showSkybox":false,"showFlares":true,"showImageEffects":true,"showParticleSystems":true,"showVisualEffectGraphs":true,"m_FxEnabled":true},"in2DMode":false,"pivot":{"x":-15.723875999450684,"y":3.9984641075134279,"z":-61.26652908325195},"rotation":{"x":0.013589605689048767,"y":0.8459886908531189,"z":-0.021574970334768297,"w":0.5326318144798279},"size":4.3657684326171879,"orthographic":false}