{"cameraMode":{"drawMode":0,"name":"Shaded","section":"Shading Mode"},"sceneLighting":false,"audioPlay":false,"sceneViewState":{"m_AlwaysRefresh":false,"showFog":true,"showSkybox":false,"showFlares":true,"showImageEffects":true,"showParticleSystems":true,"showVisualEffectGraphs":true,"m_FxEnabled":true},"in2DMode":false,"pivot":{"x":0.2529063820838928,"y":0.0021605640649795534,"z":-0.05174329876899719},"rotation":{"x":-0.023795396089553834,"y":0.9657022953033447,"z":-0.24031776189804078,"w":-0.09562886506319046},"size":0.37612348794937136,"orthographic":false}