{"cameraMode":{"drawMode":0,"name":"Shaded","section":"Shading Mode"},"sceneLighting":false,"audioPlay":false,"sceneViewState":{"m_AlwaysRefresh":false,"showFog":true,"showSkybox":false,"showFlares":true,"showImageEffects":true,"showParticleSystems":true,"showVisualEffectGraphs":true,"m_FxEnabled":true},"in2DMode":false,"pivot":{"x":-22.103059768676759,"y":1.5775644779205323,"z":10.324954986572266},"rotation":{"x":0.013589605689048767,"y":0.8459886908531189,"z":-0.021574970334768297,"w":0.5326318144798279},"size":5.403709411621094,"orthographic":false}