{"cameraMode":{"drawMode":0,"name":"Shaded","section":"Shading Mode"},"sceneLighting":false,"audioPlay":false,"sceneViewState":{"m_AlwaysRefresh":false,"showFog":true,"showSkybox":false,"showFlares":true,"showImageEffects":true,"showParticleSystems":true,"showVisualEffectGraphs":true,"m_FxEnabled":true},"in2DMode":false,"pivot":{"x":-16.269987106323243,"y":2.075070381164551,"z":-15.659699440002442},"rotation":{"x":0.013589605689048767,"y":0.8459886908531189,"z":-0.021574970334768297,"w":0.5326318144798279},"size":7.823081016540527,"orthographic":false}